"Name","Id","Path","SHA256","CPU","StartTime","WS_MB","VM_MB"
"NahimicService","5568","C:\Windows\System32\NahimicService.exe","380F3F03FD475C73FCDAA4BF845F620BB99A5977C4C2A45FEB128B508E5A286D","9337.640625","8/28/2025 7:30:57 AM","13.96","4256.85"
"msedge","17504","C:\Program Files (x86)\Microsoft\Edge\Application\msedge.exe","6F598EEC054D85F6BA61F35BC6C2A162E6096A06279685525BF99699B5CAFA44","1248.796875","8/28/2025 7:33:19 AM","612.28","3593505.64"
"Wow","8756","C:\Program Files (x86)\World of Warcraft\_retail_\Wow.exe","71E62612BCB2A5EBB7A9D93F1B0B03510E58DB6EA5E574E332CBA3E963939121","979.875","8/28/2025 2:41:58 PM","353.19","15081"
"System","4",,,"478.703125","8/28/2025 7:30:35 AM","7.38","12.94"
"svchost","3240","C:\Windows\system32\svchost.exe","949BFB5B4C7D58D92F3F9C5F8EC7CA4CEAFFD10EC5F0020F0A987C472D61C54B","301.75","8/28/2025 7:30:52 AM","6.4","2105562.69"
"MsMpEng","6052",,,"244.265625","8/28/2025 7:30:58 AM","252.62","2102789.34"
"msedge","18004","C:\Program Files (x86)\Microsoft\Edge\Application\msedge.exe","6F598EEC054D85F6BA61F35BC6C2A162E6096A06279685525BF99699B5CAFA44","219.875","8/28/2025 7:33:19 AM","141.98","2202320.68"
"WmiPrvSE","11988","C:\Windows\system32\wbem\wmiprvse.exe","196CABED59111B6C4BBF78C84A56846D96CBBC4F06935A4FD4E6432EF0AE4083","161.53125","8/28/2025 7:35:19 AM","30.49","2101409.37"
"dwm","2616","C:\Windows\system32\dwm.exe","39E285CA0F9F9B9E3B00C38A1F42BD440825967C161BC967B28C5ED7BCCF78CE","148.546875","8/28/2025 7:30:52 AM","61.8","2102085.11"
"NVDisplay.Container","3088","C:\Windows\System32\DriverStore\FileRepository\nvmii.inf_amd64_dec58f6b93e9280e\Display.NvContainer\NVDisplay.Container.exe","3EB45A655863102F04E057C20C2DE8BE1F171508DA4211B541DC98B4C002137A","148.40625","8/28/2025 7:30:52 AM","15.82","2101463.85"
"Discord","9296","C:\Users\wille\AppData\Local\Discord\app-1.0.9204\Discord.exe","2FC61BE5E3C58DDA117AA3EA49E1A412004A09F48142E1F052788BE57A630DFA","140.5","8/28/2025 7:33:18 AM","303.11","3505145.25"
"OneDrive","16784","C:\Users\wille\AppData\Local\Microsoft\OneDrive\OneDrive.exe","38ED387B5896D68B72F3E9C90D9227DD104F91CF5C679F18114E9C956CAC65FA","137.703125","8/28/2025 7:32:34 AM","45.63","2105320.42"
"msedge","14632","C:\Program Files (x86)\Microsoft\Edge\Application\msedge.exe","6F598EEC054D85F6BA61F35BC6C2A162E6096A06279685525BF99699B5CAFA44","137.359375","8/28/2025 7:33:18 AM","440.76","2267858.72"
"MSI.CentralServer","8592","C:\Program Files (x86)\MSI\MSI Center\MSI.CentralServer.exe","9C41416A9E9B9775445C421F0082D7B3149AE7344536D099176EE47C8EC6D13A","124.421875","8/28/2025 7:31:01 AM","33.98","309.02"
"Razer Synapse Service","4788","C:\Program Files (x86)\Razer\Synapse3\Service\Razer Synapse Service.exe","C7EB50056BEB9AEF69A405C5BE864670CA9920AF61B15FFF4E3F47667E0C2524","111.28125","8/28/2025 7:31:02 AM","39.6","588.98"
"Memory Compression","3392",,,"98.671875","8/28/2025 7:30:52 AM","2232.38","3841.38"
"msedge","18856","C:\Program Files (x86)\Microsoft\Edge\Application\msedge.exe","6F598EEC054D85F6BA61F35BC6C2A162E6096A06279685525BF99699B5CAFA44","72.8125","8/28/2025 3:31:21 PM","307.74","3590124.89"
"msedge","2740","C:\Program Files (x86)\Microsoft\Edge\Application\msedge.exe","6F598EEC054D85F6BA61F35BC6C2A162E6096A06279685525BF99699B5CAFA44","47.890625","8/28/2025 7:35:37 AM","159.45","3590020.47"
"svchost","3924","C:\Windows\system32\svchost.exe","949BFB5B4C7D58D92F3F9C5F8EC7CA4CEAFFD10EC5F0020F0A987C472D61C54B","42.6875","8/28/2025 7:30:53 AM","23.39","2101507.81"
"Battle.net","21068","C:\Program Files (x86)\Battle.net\Battle.net.exe","65126AC3855E365FF44BBAB850F362E2B3F42F3146788DDF5DD3FBB2216CCF79","38.578125","8/28/2025 7:36:43 AM","48.34","643.04"
"audiodg","6092","C:\Windows\system32\AUDIODG.EXE","18DDCB8ABAB6D191A5B6207DEEFD441A72483087AF3590AC29A6CEFD82CD3024","36.046875","8/28/2025 1:59:08 PM","31.3","2101577.37"
"nvcontainer","8624","C:\Program Files\NVIDIA Corporation\NvContainer\nvcontainer.exe","F2D3E4ACD978303085ECD99F97AB2221F0CAB3A54E3A2C6760A788241BF0B074","31.765625","8/28/2025 7:31:01 AM","46.11","2101565.71"
"Discord","12264","C:\Users\wille\AppData\Local\Discord\app-1.0.9204\Discord.exe","2FC61BE5E3C58DDA117AA3EA49E1A412004A09F48142E1F052788BE57A630DFA","31.640625","8/28/2025 7:33:04 AM","56.69","3498358.92"
"explorer","10540","C:\Windows\Explorer.EXE","38E74554111C8F808FDFB4F254D2E0A51C0A744643C677E680671702E1E81245","28.890625","8/28/2025 7:31:06 AM","265.47","2102558.46"
"Windsurf","24852","C:\Users\wille\AppData\Local\Programs\Windsurf\Windsurf.exe","7EC4C256523BBDF5BD87423DB246D61E2314C35561B06854D76361371C74E2AC","26.875","8/28/2025 3:36:11 PM","360.17","3293507.23"
"NahimicSvc64","9488","C:\Windows\System32\NahimicSvc64.exe","2B67698A1A2FAA5770E6DA85410431B9189445351081406AA83970C80F66B0EB","25.3125","8/28/2025 7:31:05 AM","6.83","4526.6"
"AdskLicensingService","5440","C:\Program Files (x86)\Common Files\Autodesk Shared\AdskLicensing\Current\AdskLicensingService\AdskLicensingService.exe","63799069D099379F0DF8CEAEFEC147950BF3A7C6089DE22AB47E4941FBD21081","23.453125","8/28/2025 7:33:02 AM","11.06","4822.79"
"Razer Synapse Service Process","13472","C:\Program Files (x86)\Razer\Synapse3\Service\..\UserProcess\Razer Synapse Service Process.exe","F53BDA980AB8136A4800736E5001830A2F6FCE3C9D088B6527D9773D7ACE6EF4","21.421875","8/28/2025 7:33:05 AM","28.85","354.73"
"msedge","18000","C:\Program Files (x86)\Microsoft\Edge\Application\msedge.exe","6F598EEC054D85F6BA61F35BC6C2A162E6096A06279685525BF99699B5CAFA44","21.421875","8/28/2025 7:33:19 AM","48.48","2200339.66"
"MicrosoftSecurityApp","18448","C:\Program Files\WindowsApps\Microsoft.6365217CE6EB4_102.2506.26002.0_x64__8wekyb3d8bbwe\MicrosoftSecurityApp\MicrosoftSecurityApp.exe","24A2339B561A8F0F47AEFD8D082958AD52BD22A33ED10895EA36BBFCEBF30637","16.359375","8/28/2025 7:33:43 AM","35.44","5499.66"
"svchost","1552","C:\Windows\system32\svchost.exe","949BFB5B4C7D58D92F3F9C5F8EC7CA4CEAFFD10EC5F0020F0A987C472D61C54B","16.265625","8/28/2025 7:30:51 AM","13.14","2101348.68"
"lsass","1272","C:\Windows\system32\lsass.exe","63A75A4EB57158FA4D796A2414790FCD3694D8AB9EAE3E8942E9CBCD0F71691A","15.890625","8/28/2025 7:30:51 AM","16.05","2101432.4"
"language_server_windows_x64","17348","c:\Users\wille\AppData\Local\Programs\Windsurf\resources\app\extensions\windsurf\bin\language_server_windows_x64.exe","639381D046C19FC7003377A6FEEAC2B9A33FBFC6768BEE2007C4A051818EF4C5","14.921875","8/28/2025 3:36:30 PM","478.69","6071.21"
"SearchIndexer","12156","C:\Windows\system32\SearchIndexer.exe","600BF6153C4C39CCE5EBD732BB666442B3801C32A9555A2DA05CC4B83A412FBD","14.609375","8/28/2025 7:32:07 AM","39.02","2101450.62"
"DCv2","18764","C:\Program Files\WindowsApps\9426MICRO-STARINTERNATION.MSICenter_2.0.57.0_x64__kzh8wxbdkxb8p\DCv2\DCv2.exe","B4B35A1FB91CC78936709A6A7D521D7E6516B2E8A73E613FCB1843166D1F3C9A","13.96875","8/28/2025 7:35:21 AM","60.72","5690.14"
"svchost","4184","C:\Windows\System32\svchost.exe","949BFB5B4C7D58D92F3F9C5F8EC7CA4CEAFFD10EC5F0020F0A987C472D61C54B","12.65625","8/28/2025 7:30:56 AM","9.4","2101355.36"
"msedge","14840","C:\Program Files (x86)\Microsoft\Edge\Application\msedge.exe","6F598EEC054D85F6BA61F35BC6C2A162E6096A06279685525BF99699B5CAFA44","12.125","8/28/2025 4:19:14 PM","489.29","3590182.29"
"svchost","16908",,,"11.875","8/28/2025 7:33:03 AM","16.29","2101402.79"
"svchost","4624","C:\Windows\system32\svchost.exe","949BFB5B4C7D58D92F3F9C5F8EC7CA4CEAFFD10EC5F0020F0A987C472D61C54B","11.25","8/28/2025 7:30:57 AM","13.64","2101385.63"
"msedge","10800","C:\Program Files (x86)\Microsoft\Edge\Application\msedge.exe","6F598EEC054D85F6BA61F35BC6C2A162E6096A06279685525BF99699B5CAFA44","11.203125","8/28/2025 10:17:22 AM","33.39","3588347.77"
"csrss","1180",,,"11.046875","8/28/2025 7:30:51 AM","4.47","2101387.8"
"CurseForge","2480","C:\Users\wille\AppData\Local\Programs\CurseForge Windows\CurseForge.exe","4A5B24608C89E6B509F4F6716AA69118FAA4F82206F2A8BFAFCD6A0107B7BF37","10.796875","8/28/2025 2:45:06 PM","99","3285311.26"
"TSMApplication","2272","C:\Program Files (x86)\TradeSkillMaster Application\app\TSMApplication.exe","066E21A906F954D8054CA8601BA2663998AA9018AE47A8A8DB398111E973F7EF","10.75","8/28/2025 2:45:04 PM","47.89","193.41"
"svchost","4004","C:\Windows\system32\svchost.exe","949BFB5B4C7D58D92F3F9C5F8EC7CA4CEAFFD10EC5F0020F0A987C472D61C54B","10.703125","8/28/2025 7:30:54 AM","17.16","2101368.11"
"NVDisplay.Container","3652","C:\Windows\System32\DriverStore\FileRepository\nvmii.inf_amd64_dec58f6b93e9280e\Display.NvContainer\NVDisplay.Container.exe","3EB45A655863102F04E057C20C2DE8BE1F171508DA4211B541DC98B4C002137A","10.265625","8/28/2025 7:30:53 AM","14.83","2101627.65"
"Battle.net","21492","C:\Program Files (x86)\Battle.net\Battle.net.exe","65126AC3855E365FF44BBAB850F362E2B3F42F3146788DDF5DD3FBB2216CCF79","9.609375","8/28/2025 7:36:47 AM","19.84","600.45"
"svchost","11968","C:\Windows\System32\svchost.exe","949BFB5B4C7D58D92F3F9C5F8EC7CA4CEAFFD10EC5F0020F0A987C472D61C54B","9.59375","8/28/2025 7:32:06 AM","31.95","2101584.17"
"msedge","2076","C:\Program Files (x86)\Microsoft\Edge\Application\msedge.exe","6F598EEC054D85F6BA61F35BC6C2A162E6096A06279685525BF99699B5CAFA44","9.578125","8/28/2025 7:35:37 AM","12.5","2200125.15"
"TextInputHost","884","C:\Windows\SystemApps\MicrosoftWindows.Client.CBS_cw5n1h2txyewy\TextInputHost.exe","52AEE7F6B5F5965550C449E28EF59D62FAB0A9183A2F4224583CD77D1A7F8947","9.25","8/28/2025 7:31:21 AM","27.57","2135154.78"
"msedgewebview2","15832","C:\Program Files (x86)\Microsoft\EdgeWebView\Application\139.0.3405.119\msedgewebview2.exe","5D3CF34E79B6C4271DEE19AD5F41CBCFD2DF40482BC1AD76D7DD0201D253C8AA","8.34375","8/28/2025 7:32:26 AM","1.96","3588399.13"
"services","1236",,,"7.875","8/28/2025 7:30:51 AM","13.3","2101348.88"
"Agent","6560","C:\ProgramData\Battle.net\Agent\Agent.9246\Agent.exe","7FD9713F42221EFF79BCFA6173AC64BAEFBAB912DF2262762DC5102E14E37E95","7.78125","8/28/2025 12:36:51 PM","16.94","273.31"
"svchost","9968","C:\Windows\system32\svchost.exe","949BFB5B4C7D58D92F3F9C5F8EC7CA4CEAFFD10EC5F0020F0A987C472D61C54B","7.59375","8/28/2025 7:31:04 AM","27.52","2101460.38"
"svchost","2576","C:\Windows\system32\svchost.exe","949BFB5B4C7D58D92F3F9C5F8EC7CA4CEAFFD10EC5F0020F0A987C472D61C54B","7.546875","8/28/2025 7:30:52 AM","6.56","2101345.34"
"svchost","2472","C:\Windows\system32\svchost.exe","949BFB5B4C7D58D92F3F9C5F8EC7CA4CEAFFD10EC5F0020F0A987C472D61C54B","7","8/28/2025 7:30:52 AM","11.16","2101366.09"
"Discord","3692","C:\Users\wille\AppData\Local\Discord\app-1.0.9204\Discord.exe","2FC61BE5E3C58DDA117AA3EA49E1A412004A09F48142E1F052788BE57A630DFA","6.875","8/28/2025 7:33:06 AM","54.49","2110952.45"
"ipf_helper","6464","C:\Windows\System32\DriverStore\FileRepository\ipf_cpu.inf_amd64_b4463a9eb4e1c069\ipf_helper.exe","0B1BA362EDAB434F54F85F50A744FE40B976C86B307C2F676C465E71F7CA48F7","6.8125","8/28/2025 7:30:58 AM","3.52","2101361.56"
"svchost","1396","C:\Windows\system32\svchost.exe","949BFB5B4C7D58D92F3F9C5F8EC7CA4CEAFFD10EC5F0020F0A987C472D61C54B","6.71875","8/28/2025 7:30:51 AM","18.56","2101414.19"
"SearchHost","11612","C:\Windows\SystemApps\MicrosoftWindows.Client.CBS_cw5n1h2txyewy\SearchHost.exe","3E08FE06F9D5E156C4F3DE1FC10092F1EE3BB535CF1560C8D55C9CB7409C115F","6.5625","8/28/2025 7:31:12 AM","81.34","2139532.81"
"StartMenuExperienceHost","11744","C:\Windows\SystemApps\Microsoft.Windows.StartMenuExperienceHost_cw5n1h2txyewy\StartMenuExperienceHost.exe","68E2255ECECAE067300BE751839D84CBBF888872A372C40903B49394870A118D","6.296875","8/28/2025 7:31:12 AM","53.02","2105055.41"
"Windsurf","14332","C:\Users\wille\AppData\Local\Programs\Windsurf\Windsurf.exe","7EC4C256523BBDF5BD87423DB246D61E2314C35561B06854D76361371C74E2AC","6.125","8/28/2025 3:36:29 PM","134.95","3288285.93"
"WUDFHost","1636","C:\Windows\System32\WUDFHost.exe","DBC9DF886A2318A9B40BD66EFE3839380B6B0BBF0EF2E913B6AB0AAEA40127F8","6.09375","8/28/2025 7:30:51 AM","6.26","2101360.62"
"nvcontainer","8536","C:\Program Files\NVIDIA Corporation\NvContainer\nvcontainer.exe","F2D3E4ACD978303085ECD99F97AB2221F0CAB3A54E3A2C6760A788241BF0B074","6.078125","8/28/2025 7:31:01 AM","14.24","2101485.71"
"svchost","3180","C:\Windows\System32\svchost.exe","949BFB5B4C7D58D92F3F9C5F8EC7CA4CEAFFD10EC5F0020F0A987C472D61C54B","5.65625","8/28/2025 7:30:52 AM","13.08","2101362.82"
"Windsurf","24592","C:\Users\wille\AppData\Local\Programs\Windsurf\Windsurf.exe","7EC4C256523BBDF5BD87423DB246D61E2314C35561B06854D76361371C74E2AC","5.328125","8/28/2025 3:36:11 PM","103.21","2135733.95"
"gamingservices","8480","C:\Program Files\WindowsApps\Microsoft.GamingServices_30.104.13001.0_x64__8wekyb3d8bbwe\GamingServices.exe","3EB36E69143131046C596763A309FF0A5A9FE43A6D440797EF574A2080DBBB81","4.90625","8/28/2025 7:31:01 AM","20.73","2101467.38"
"msedge","4140","C:\Program Files (x86)\Microsoft\Edge\Application\msedge.exe","6F598EEC054D85F6BA61F35BC6C2A162E6096A06279685525BF99699B5CAFA44","4.546875","8/28/2025 2:03:55 PM","39.21","3588348.91"
"sihost","9848","C:\Windows\system32\sihost.exe","2B630B70E88D0BAABB4463F91A72E3A4227D069740EF89D57CC586BF7F8AD229","4.375","8/28/2025 7:31:04 AM","19.38","2101451.99"
"svchost","10152","C:\Windows\system32\svchost.exe","949BFB5B4C7D58D92F3F9C5F8EC7CA4CEAFFD10EC5F0020F0A987C472D61C54B","4.375","8/28/2025 7:31:05 AM","10.61","2101363.9"
"RazerCentralService","5864","C:\Program Files (x86)\Razer\Razer Services\Razer Central\RazerCentralService.exe","58F7692243550FABD10F163C5FAC264AFE9C49D8641BD516604A3CE9CEBA1071","4.3125","8/28/2025 7:30:58 AM","8.54","223.74"
"svchost","12416","C:\Windows\System32\svchost.exe","949BFB5B4C7D58D92F3F9C5F8EC7CA4CEAFFD10EC5F0020F0A987C472D61C54B","4","8/28/2025 2:40:22 PM","15.67","2101368.91"
"CurseForge","9220","C:\Users\wille\AppData\Local\Programs\CurseForge Windows\CurseForge.exe","4A5B24608C89E6B509F4F6716AA69118FAA4F82206F2A8BFAFCD6A0107B7BF37","3.390625","8/28/2025 2:45:10 PM","172.96","3285010.59"
"Widgets","12436","C:\Program Files\WindowsApps\MicrosoftWindows.Client.WebExperience_525.22301.90.0_x64__cw5n1h2txyewy\Dashboard\Widgets.exe","7311758CF6C730E20CD38090E21DB9BF61DA6A5E187F77C4C2E6E35A73BC5AEA","3.265625","8/28/2025 7:31:13 AM","34.27","2134356.21"
"svchost","3512","C:\Windows\System32\svchost.exe","949BFB5B4C7D58D92F3F9C5F8EC7CA4CEAFFD10EC5F0020F0A987C472D61C54B","3.234375","8/28/2025 7:30:52 AM","3.1","2101332.03"
"svchost","2084","C:\Windows\System32\svchost.exe","949BFB5B4C7D58D92F3F9C5F8EC7CA4CEAFFD10EC5F0020F0A987C472D61C54B","3.21875","8/28/2025 7:30:52 AM","12.21","2101367.37"
"Windsurf","24424","C:\Users\wille\AppData\Local\Programs\Windsurf\Windsurf.exe","7EC4C256523BBDF5BD87423DB246D61E2314C35561B06854D76361371C74E2AC","3.15625","8/28/2025 3:36:10 PM","99.91","3287230.01"
"svchost","13108","C:\Windows\system32\svchost.exe","949BFB5B4C7D58D92F3F9C5F8EC7CA4CEAFFD10EC5F0020F0A987C472D61C54B","3.15625","8/28/2025 7:32:50 AM","9.43","2101379.64"
"CurseForge","7172","C:\Users\wille\AppData\Local\Programs\CurseForge Windows\CurseForge.exe","4A5B24608C89E6B509F4F6716AA69118FAA4F82206F2A8BFAFCD6A0107B7BF37","3.15625","8/28/2025 2:45:10 PM","180.04","3285054.42"
"OmApSvcBroker","10224","C:\Program Files (x86)\MSI\MSI NBFoundation Service\OmApSvcBroker.exe","0351960E039122628D31188814A855E833C33C8B475F661C6CBEA5CBF3A5F02E","3.140625","8/28/2025 7:31:05 AM","8.18","5222.25"
"CurseForge","12752","C:\Users\wille\AppData\Local\Programs\CurseForge Windows\CurseForge.exe","4A5B24608C89E6B509F4F6716AA69118FAA4F82206F2A8BFAFCD6A0107B7BF37","3.125","8/28/2025 2:45:10 PM","40.85","3285047.42"
"WUDFHost","1780","C:\Windows\System32\WUDFHost.exe","DBC9DF886A2318A9B40BD66EFE3839380B6B0BBF0EF2E913B6AB0AAEA40127F8","3.125","8/28/2025 7:30:52 AM","4.12","2101333.87"
"svchost","2840","C:\Windows\system32\svchost.exe","949BFB5B4C7D58D92F3F9C5F8EC7CA4CEAFFD10EC5F0020F0A987C472D61C54B","2.953125","8/28/2025 7:30:52 AM","8.86","2101375.73"
"Sendevsvc","5476","C:\Program Files (x86)\MSI\MSI NBFoundation Service\Sendevsvc.exe","096384588E472EA4B64970E6C856C2EC1C1EF6D21C45EF5BD8150C416B225CAC","2.90625","8/28/2025 7:30:57 AM","19.47","281.59"
"msedgewebview2","11256","C:\Program Files (x86)\Microsoft\EdgeWebView\Application\139.0.3405.119\msedgewebview2.exe","5D3CF34E79B6C4271DEE19AD5F41CBCFD2DF40482BC1AD76D7DD0201D253C8AA","2.859375","8/28/2025 7:32:24 AM","0.95","2233700.77"
"csrss","892",,,"2.796875","8/28/2025 7:30:48 AM","4.65","2101346.01"
"msedgewebview2","1404","C:\Program Files (x86)\Microsoft\EdgeWebView\Application\139.0.3405.119\msedgewebview2.exe","5D3CF34E79B6C4271DEE19AD5F41CBCFD2DF40482BC1AD76D7DD0201D253C8AA","2.703125","8/28/2025 7:32:25 AM","5.73","2201010.45"
"Battle.net","21656","C:\Program Files (x86)\Battle.net\Battle.net.exe","65126AC3855E365FF44BBAB850F362E2B3F42F3146788DDF5DD3FBB2216CCF79","2.375","8/28/2025 2:40:05 PM","80.39","451.12"
"OneApp.IGCC.WinService","5144","C:\Windows\System32\DriverStore\FileRepository\igcc_dch.inf_amd64_4e93878658043b21\OneApp.IGCC.WinService.exe","198BDAE28DD7857A334B84117BBC3AFB2515FA7A8BF3985149E6477C87AE73C2","2.34375","8/28/2025 7:30:57 AM","6.67","4751.5"
"MSI.TerminalServer","12824","C:\Program Files (x86)\MSI\MSI Center\MSI.TerminalServer.exe","E0B21E22C99E0EBED71359D1ED899239ECCFBD3B55F9C91EB160A694968D0D19","2.328125","8/28/2025 7:31:22 AM","5.71","689.48"
"nvcontainer","5612","C:\Program Files\NVIDIA Corporation\NvContainer\nvcontainer.exe","F2D3E4ACD978303085ECD99F97AB2221F0CAB3A54E3A2C6760A788241BF0B074","2.265625","8/28/2025 7:30:57 AM","13.68","2101439.89"
"msedge","10684","C:\Program Files (x86)\Microsoft\Edge\Application\msedge.exe","6F598EEC054D85F6BA61F35BC6C2A162E6096A06279685525BF99699B5CAFA44","2.234375","8/28/2025 2:40:19 PM","40.73","3588348.92"
"CurseForge","2356","C:\Users\wille\AppData\Local\Programs\CurseForge Windows\CurseForge.exe","4A5B24608C89E6B509F4F6716AA69118FAA4F82206F2A8BFAFCD6A0107B7BF37","2.203125","8/28/2025 2:45:09 PM","155.89","3284988.84"
"MSIAPService","5504","C:\Program Files (x86)\MSI\MSI NBFoundation Service\MSIAPService.exe","55805730FC81CD90CC9375551D5CB0AD0098B38E7CE1A682554F97CCEE496F94","2.1875","8/28/2025 7:30:57 AM","12.05","4699.48"
"RuntimeBroker","12064","C:\Windows\System32\RuntimeBroker.exe","5F40EEC9673436AE1EA4DD3770F773C26B3D035A6A4DECFC981571168193B904","2.15625","8/28/2025 7:31:12 AM","20.94","2101444.16"
"msedge","2288","C:\Program Files (x86)\Microsoft\Edge\Application\msedge.exe","6F598EEC054D85F6BA61F35BC6C2A162E6096A06279685525BF99699B5CAFA44","2.078125","8/28/2025 3:47:17 PM","93.89","3591738.46"
"IntelAudioService","5228","C:\Windows\System32\DriverStore\FileRepository\intcoed.inf_amd64_cbcebe813d4324dc\AS\IAS\IntelAudioService.exe","F0F6DD46BB06B81C1A425CAF757D5451BF8732D03910ADBFFAD7D42CA1BBA9C8","2.0625","8/28/2025 7:30:57 AM","6.09","4770.15"
"svchost","5056","C:\Windows\system32\svchost.exe","949BFB5B4C7D58D92F3F9C5F8EC7CA4CEAFFD10EC5F0020F0A987C472D61C54B","2","8/28/2025 7:30:57 AM","9.81","2101480.55"
"svchost","3488","C:\Windows\system32\svchost.exe","949BFB5B4C7D58D92F3F9C5F8EC7CA4CEAFFD10EC5F0020F0A987C472D61C54B","1.984375","8/28/2025 7:30:52 AM","2.83","2101389.16"
"CurseForge","16472","C:\Users\wille\AppData\Local\Programs\CurseForge Windows\CurseForge.exe","4A5B24608C89E6B509F4F6716AA69118FAA4F82206F2A8BFAFCD6A0107B7BF37","1.953125","8/28/2025 2:45:07 PM","98.71","2135683.42"
"ctfmon","7476","C:\Windows\system32\ctfmon.exe","7E067B7DA5DA60458B5F7D5A99BC7C7C1F41999CD2559985F09267B1EC2E56EC","1.84375","8/28/2025 7:30:59 AM","13.35","2101425.86"
"GameManagerService","5812","C:\Program Files (x86)\Razer\Razer Services\GMS\GameManagerService.exe","008D334EABD65A62A01FC05DF8105FBA56D9E9B0A7779D4328D8016559EE4A23","1.71875","8/28/2025 7:30:58 AM","5.78","187.59"
"SystemSettingsBroker","20100","C:\Windows\System32\SystemSettingsBroker.exe","2DD5508BA97621719B99230AB165F7561A3746837E48265EBE1D555129927C00","1.703125","8/28/2025 7:36:29 AM","17.13","2101464.51"
"powershell","22840","C:\Windows\System32\WindowsPowerShell\v1.0\powershell.exe","3247BCFD60F6DD25F34CB74B5889AB10EF1B3EC72B4D4B3D95B5B25B534560B8","1.65625","8/28/2025 3:36:40 PM","156.58","2102033.67"
"svchost","15152","C:\Windows\system32\svchost.exe","949BFB5B4C7D58D92F3F9C5F8EC7CA4CEAFFD10EC5F0020F0A987C472D61C54B","1.640625","8/28/2025 7:32:06 AM","8.78","2101348.82"
"nahimicNotifSys","7192","C:\Users\wille\AppData\Local\NhNotifSys\nahimic\nahimicNotifSys.exe","38E754E57FAD8AC447D1F39F836C77B79D9BCD32EDB1239E76CDEEA8E30EB243","1.609375","8/28/2025 7:31:32 AM","6.9","4829.01"
"RuntimeBroker","12132","C:\Windows\System32\RuntimeBroker.exe","5F40EEC9673436AE1EA4DD3770F773C26B3D035A6A4DECFC981571168193B904","1.546875","8/28/2025 7:31:12 AM","30.69","2101538.69"
"svchost","9840","C:\Windows\system32\svchost.exe","949BFB5B4C7D58D92F3F9C5F8EC7CA4CEAFFD10EC5F0020F0A987C472D61C54B","1.5","8/28/2025 7:31:04 AM","8.45","2101384.87"
"svchost","3056","C:\Windows\system32\svchost.exe","949BFB5B4C7D58D92F3F9C5F8EC7CA4CEAFFD10EC5F0020F0A987C472D61C54B","1.421875","8/28/2025 7:30:52 AM","5.67","2101370.62"
"RtkAudUService64","5856","C:\Windows\System32\DriverStore\FileRepository\realtekservice.inf_amd64_a92c6a36ec21763b\RtkAudUService64.exe","2083095EFD7E51BAF0A4CD100272D5C0E6B8BF5D291872F02A85F8B7D6D6CE51","1.375","8/28/2025 7:30:58 AM","4.18","2101408.92"
"Battle.net","18824","C:\Program Files (x86)\Battle.net\Battle.net.exe","65126AC3855E365FF44BBAB850F362E2B3F42F3146788DDF5DD3FBB2216CCF79","1.328125","8/28/2025 2:40:06 PM","20.06","451.69"
"msedge","19108","C:\Program Files (x86)\Microsoft\Edge\Application\msedge.exe","6F598EEC054D85F6BA61F35BC6C2A162E6096A06279685525BF99699B5CAFA44","1.328125","8/28/2025 7:35:42 AM","26.42","3588297.08"
"NahimicSvc32","9228","C:\Windows\SysWOW64\NahimicSvc32.exe","062A1AB94E51D44730F82C79CFEAFBC252389596FE353F2A2EE066724044B6AC","1.265625","8/28/2025 7:31:05 AM","1.34","97.49"
"powershell","4356","C:\Windows\System32\WindowsPowerShell\v1.0\powershell.exe","3247BCFD60F6DD25F34CB74B5889AB10EF1B3EC72B4D4B3D95B5B25B534560B8","1.296875","8/28/2025 4:28:55 PM","201.66","2101974.14"
"conhost","6456","C:\Windows\system32\conhost.exe","2266B396EF92534A2A2844438DF043D4069A2EC47D4E464F55E8C1CD47124A98","1.25","8/28/2025 7:30:58 AM","0.59","2101336.8"
"SecurityHealthService","2160",,,"1.234375","8/28/2025 7:32:03 AM","14.01","2101416.61"
"svchost","1596","C:\Windows\system32\svchost.exe","949BFB5B4C7D58D92F3F9C5F8EC7CA4CEAFFD10EC5F0020F0A987C472D61C54B","1.21875","8/28/2025 7:30:51 AM","3.64","2101336.88"
"svchost","4532","C:\Windows\system32\svchost.exe","949BFB5B4C7D58D92F3F9C5F8EC7CA4CEAFFD10EC5F0020F0A987C472D61C54B","1.203125","8/28/2025 7:30:56 AM","7.44","2101380.93"
"svchost","5160","C:\Windows\system32\svchost.exe","949BFB5B4C7D58D92F3F9C5F8EC7CA4CEAFFD10EC5F0020F0A987C472D61C54B","1.125","8/28/2025 7:30:57 AM","2.65","2101335.05"
"Discord","7816","C:\Users\wille\AppData\Local\Discord\app-1.0.9204\Discord.exe","2FC61BE5E3C58DDA117AA3EA49E1A412004A09F48142E1F052788BE57A630DFA","1.109375","8/28/2025 7:33:10 AM","18.17","2109893.03"
"RtkAudUService64","13360","C:\Windows\System32\DriverStore\FileRepository\realtekservice.inf_amd64_a92c6a36ec21763b\RtkAudUService64.exe","2083095EFD7E51BAF0A4CD100272D5C0E6B8BF5D291872F02A85F8B7D6D6CE51","1.09375","8/28/2025 7:32:24 AM","5.86","2101427.62"
"EdgeGameAssist","20680","C:\Program Files\WindowsApps\Microsoft.Edge.GameAssist_1.0.3456.0_x64__8wekyb3d8bbwe\EdgeGameAssist.exe","1E33218DC30B429ABBBF0E02ED5CB3C68DEECCF55A01EE6022124596ED03030F","1.0625","8/28/2025 7:38:08 AM","7.57","37457.75"
"conhost","6440","C:\Windows\system32\conhost.exe","2266B396EF92534A2A2844438DF043D4069A2EC47D4E464F55E8C1CD47124A98","1.046875","8/28/2025 7:30:58 AM","0.59","2101336.82"
"svchost","2300","C:\Windows\system32\svchost.exe","949BFB5B4C7D58D92F3F9C5F8EC7CA4CEAFFD10EC5F0020F0A987C472D61C54B","1.046875","8/28/2025 7:30:52 AM","3.64","2101324.94"
"MpDefenderCoreService","5376",,,"0.984375","8/28/2025 7:30:57 AM","18.29","2101372.29"
"svchost","10576","C:\Windows\System32\svchost.exe","949BFB5B4C7D58D92F3F9C5F8EC7CA4CEAFFD10EC5F0020F0A987C472D61C54B","0.984375","8/28/2025 7:31:06 AM","5.36","2101390.97"
"svchost","1960","C:\Windows\system32\svchost.exe","949BFB5B4C7D58D92F3F9C5F8EC7CA4CEAFFD10EC5F0020F0A987C472D61C54B","0.984375","8/28/2025 7:30:52 AM","4.26","2101328.96"
"msedge","24636","C:\Program Files (x86)\Microsoft\Edge\Application\msedge.exe","6F598EEC054D85F6BA61F35BC6C2A162E6096A06279685525BF99699B5CAFA44","0.984375","8/28/2025 4:19:15 PM","107.67","3588362.79"
"RzDiagnostic","6296","C:\Program Files (x86)\Razer Chroma SDK\bin\RzDiagnostic","921BB77320FB998B0B6408D8B908BA2E6E5438DC23A6CFED37A780E658332213","0.96875","8/28/2025 7:30:58 AM","0.44","39.62"
"msedgewebview2","12820","C:\Program Files (x86)\Microsoft\EdgeWebView\Application\139.0.3405.119\msedgewebview2.exe","5D3CF34E79B6C4271DEE19AD5F41CBCFD2DF40482BC1AD76D7DD0201D253C8AA","0.9375","8/28/2025 7:32:25 AM","0.53","2200362.43"
"WidgetService","12756","C:\Program Files\WindowsApps\Microsoft.WidgetsPlatformRuntime_1.6.9.0_x64__8wekyb3d8bbwe\WidgetService\WidgetService.exe","7335EEC0530B4FB2B8E523A16AE7D4D4F3FEA3D98E00F5B608EF204EB73F6578","0.921875","8/28/2025 7:31:14 AM","3.04","2101411.31"
"conhost","6432","C:\Windows\system32\conhost.exe","2266B396EF92534A2A2844438DF043D4069A2EC47D4E464F55E8C1CD47124A98","0.90625","8/28/2025 7:30:58 AM","0.59","2101336.81"
"WmiPrvSE","7768","C:\Windows\system32\wbem\wmiprvse.exe","196CABED59111B6C4BBF78C84A56846D96CBBC4F06935A4FD4E6432EF0AE4083","0.90625","8/28/2025 7:30:59 AM","8.96","2101360.29"
"Registry","252",,,"0.890625","8/28/2025 7:30:30 AM","47.25","250.83"
"conhost","6396","C:\Windows\system32\conhost.exe","2266B396EF92534A2A2844438DF043D4069A2EC47D4E464F55E8C1CD47124A98","0.859375","8/28/2025 7:30:58 AM","0.59","2101336.8"
"conhost","6408","C:\Windows\system32\conhost.exe","2266B396EF92534A2A2844438DF043D4069A2EC47D4E464F55E8C1CD47124A98","0.84375","8/28/2025 7:30:58 AM","0.63","2101336.81"
"taskhostw","10196","C:\Windows\system32\taskhostw.exe","5177CBF5AB5E3DA9BCB6E70642D57B781C5F799361CE7C809CDFAEDE24B1B476","0.8125","8/28/2025 7:31:05 AM","13.34","2101520.72"
"FNPLicensingService64","4436","C:\Program Files\Common Files\Macrovision Shared\FlexNet Publisher\FNPLicensingService64.exe","029199093EC68E7D545BC75BD5D80979DCBF9EA0C7405CDABA2DFD36DEA65F3B","0.8125","8/28/2025 7:33:14 AM","5.62","4188.16"
"conhost","6336","C:\Windows\system32\conhost.exe","2266B396EF92534A2A2844438DF043D4069A2EC47D4E464F55E8C1CD47124A98","0.78125","8/28/2025 7:30:58 AM","0.64","2101336.82"
"AdobeUpdateService","5044","C:\Program Files (x86)\Common Files\Adobe\Adobe Desktop Common\ElevationManager\AdobeUpdateService.exe","3596292C500EFD8A6AA4035D7BCCFAAA59C1D7E9C39A89CBA43BEC635E99E6E0","0.765625","8/28/2025 7:30:57 AM","1.41","81.51"
"Curse.Agent.Host","7688","C:\Users\wille\AppData\Local\Programs\CurseForge Windows\resources\app.asar.unpacked\plugins\curse\win\Curse.Agent.Host.exe","118B2AFA513B3B338BB8E75275056EF9AFE3CBEEEEA266A0A1C485D1D58B24C4","0.765625","8/28/2025 2:45:10 PM","72.82","2366020"
"conhost","8688","C:\Windows\system32\conhost.exe","2266B396EF92534A2A2844438DF043D4069A2EC47D4E464F55E8C1CD47124A98","0.75","8/28/2025 7:31:01 AM","4.95","2101334.05"
"conhost","6476","C:\Windows\system32\conhost.exe","2266B396EF92534A2A2844438DF043D4069A2EC47D4E464F55E8C1CD47124A98","0.75","8/28/2025 7:30:58 AM","0.59","2101336.8"
"conhost","6388","C:\Windows\system32\conhost.exe","2266B396EF92534A2A2844438DF043D4069A2EC47D4E464F55E8C1CD47124A98","0.703125","8/28/2025 7:30:58 AM","0.65","2101336.77"
"conhost","6424","C:\Windows\system32\conhost.exe","2266B396EF92534A2A2844438DF043D4069A2EC47D4E464F55E8C1CD47124A98","0.6875","8/28/2025 7:30:58 AM","0.65","2101336.79"
"msedge","14796","C:\Program Files (x86)\Microsoft\Edge\Application\msedge.exe","6F598EEC054D85F6BA61F35BC6C2A162E6096A06279685525BF99699B5CAFA44","0.6875","8/28/2025 7:37:11 AM","7.3","2200477.52"
"NisSrv","14596",,,"0.671875","8/28/2025 7:31:33 AM","17.56","2101422.56"
"msedge","18236","C:\Program Files (x86)\Microsoft\Edge\Application\msedge.exe","6F598EEC054D85F6BA61F35BC6C2A162E6096A06279685525BF99699B5CAFA44","0.65625","8/28/2025 7:33:19 AM","8.7","2200108.47"
"msedgewebview2","15496","C:\Program Files (x86)\Microsoft\EdgeWebView\Application\139.0.3405.119\msedgewebview2.exe","5D3CF34E79B6C4271DEE19AD5F41CBCFD2DF40482BC1AD76D7DD0201D253C8AA","0.625","8/28/2025 7:32:25 AM","0.03","2200089.8"
"CurseForge","22384","C:\Users\wille\AppData\Local\Programs\CurseForge Windows\CurseForge.exe","4A5B24608C89E6B509F4F6716AA69118FAA4F82206F2A8BFAFCD6A0107B7BF37","0.625","8/28/2025 2:45:07 PM","44.68","2134492.7"
"spoolsv","4796","C:\Windows\System32\spoolsv.exe","55E3C9CC38A1FAB1581014E770DAC41CDAC88226610A08E19AAA8DA113118F73","0.59375","8/28/2025 7:30:57 AM","2.69","2101364.76"
"svchost","1964","C:\Windows\system32\svchost.exe","949BFB5B4C7D58D92F3F9C5F8EC7CA4CEAFFD10EC5F0020F0A987C472D61C54B","0.578125","8/28/2025 7:30:52 AM","5.18","2101333.63"
"Battle.net","7000","C:\Program Files (x86)\Battle.net\Battle.net.exe","65126AC3855E365FF44BBAB850F362E2B3F42F3146788DDF5DD3FBB2216CCF79","0.53125","8/28/2025 7:36:47 AM","13.05","335.66"
"CorsairGamingAudioCfgService64","5036","C:\Windows\System32\CorsairGamingAudioCfgService64.exe","BE7469137555AC1AC2E032E227DE944A55C6117C726783A75959FCEAE3384916","0.515625","8/28/2025 7:30:57 AM","5.13","4182.64"
"svchost","4404","C:\Windows\System32\svchost.exe","949BFB5B4C7D58D92F3F9C5F8EC7CA4CEAFFD10EC5F0020F0A987C472D61C54B","0.515625","8/28/2025 7:30:56 AM","5.16","2101333.77"
"svchost","10424","C:\Windows\system32\svchost.exe","949BFB5B4C7D58D92F3F9C5F8EC7CA4CEAFFD10EC5F0020F0A987C472D61C54B","0.515625","8/28/2025 7:31:07 AM","21.18","2101473.69"
"msedge","10384","C:\Program Files (x86)\Microsoft\Edge\Application\msedge.exe","6F598EEC054D85F6BA61F35BC6C2A162E6096A06279685525BF99699B5CAFA44","0.4375","8/28/2025 3:35:27 PM","21.59","3588348.47"
"svchost","1924","C:\Windows\system32\svchost.exe","949BFB5B4C7D58D92F3F9C5F8EC7CA4CEAFFD10EC5F0020F0A987C472D61C54B","0.4375","8/28/2025 7:30:52 AM","6.93","2101327.62"
"Windsurf","25184","C:\Users\wille\AppData\Local\Programs\Windsurf\Windsurf.exe","7EC4C256523BBDF5BD87423DB246D61E2314C35561B06854D76361371C74E2AC","0.4375","8/28/2025 3:36:12 PM","48.89","3286601.45"
"svchost","11212","C:\Windows\system32\svchost.exe","949BFB5B4C7D58D92F3F9C5F8EC7CA4CEAFFD10EC5F0020F0A987C472D61C54B","0.421875","8/28/2025 7:31:07 AM","7.18","2101338.11"
"Windsurf","24616","C:\Users\wille\AppData\Local\Programs\Windsurf\Windsurf.exe","7EC4C256523BBDF5BD87423DB246D61E2314C35561B06854D76361371C74E2AC","0.40625","8/28/2025 3:36:11 PM","32.06","2134487.11"
"svchost","12464","C:\Windows\system32\svchost.exe","949BFB5B4C7D58D92F3F9C5F8EC7CA4CEAFFD10EC5F0020F0A987C472D61C54B","0.40625","8/28/2025 7:31:22 AM","5.48","2101358.22"
"svchost","10780","C:\Windows\system32\svchost.exe","949BFB5B4C7D58D92F3F9C5F8EC7CA4CEAFFD10EC5F0020F0A987C472D61C54B","0.390625","8/28/2025 7:31:06 AM","5.62","2101371.77"
"svchost","12768","C:\Windows\system32\svchost.exe","949BFB5B4C7D58D92F3F9C5F8EC7CA4CEAFFD10EC5F0020F0A987C472D61C54B","0.390625","8/28/2025 7:31:14 AM","3.8","2101319.86"
"dasHost","5424","C:\Windows\system32\dashost.exe","B484F5BF3F327532BAC4543F70689F58E27A86CE38083893C3ADC94FE3C51850","0.390625","8/28/2025 7:30:57 AM","3.77","2101358.71"
"SearchProtocolHost","7528","C:\Windows\System32\SearchProtocolHost.exe","A411E1BEBE5179976595F749A852C757B593179BFEC2C29F90C1BBD5520A8A01","0.390625","8/28/2025 4:55:34 PM","14.04","2101355.54"
"svchost","20020",,,"0.359375","8/28/2025 4:18:35 PM","11.39","2101347.14"
"dllhost","13740","C:\Windows\system32\DllHost.exe","FDFAD08EADD54A431E431FEBE60E87B574CE90E5502ED0BE2F026A1828120FC6","0.34375","8/28/2025 7:31:29 AM","10.32","2101502.1"
"svchost","10836","C:\Windows\system32\svchost.exe","949BFB5B4C7D58D92F3F9C5F8EC7CA4CEAFFD10EC5F0020F0A987C472D61C54B","0.34375","8/28/2025 7:31:07 AM","2","2101350.71"
"Discord","15460","C:\Users\wille\AppData\Local\Discord\app-1.0.9204\Discord.exe","2FC61BE5E3C58DDA117AA3EA49E1A412004A09F48142E1F052788BE57A630DFA","0.328125","8/28/2025 7:33:21 AM","6.14","2109794.45"
"winlogon","1704","C:\Windows\system32\winlogon.exe","26C645E84130338656B83D1D5FFCE46973013A7780B6E25B34B711E0D537EDE2","0.328125","8/28/2025 7:30:52 AM","2.12","2101386.34"
"svchost","5076","C:\Windows\system32\svchost.exe","949BFB5B4C7D58D92F3F9C5F8EC7CA4CEAFFD10EC5F0020F0A987C472D61C54B","0.328125","8/28/2025 7:30:57 AM","2.57","2101338.11"
"msedge","11352","C:\Program Files (x86)\Microsoft\Edge\Application\msedge.exe","6F598EEC054D85F6BA61F35BC6C2A162E6096A06279685525BF99699B5CAFA44","0.3125","8/28/2025 7:35:41 AM","15.38","3588298.21"
"svchost","15944","C:\Windows\system32\svchost.exe","949BFB5B4C7D58D92F3F9C5F8EC7CA4CEAFFD10EC5F0020F0A987C472D61C54B","0.3125","8/28/2025 7:33:05 AM","2.88","2101357.55"
"msedgewebview2","8576","C:\Program Files (x86)\Microsoft\EdgeWebView\Application\139.0.3405.119\msedgewebview2.exe","5D3CF34E79B6C4271DEE19AD5F41CBCFD2DF40482BC1AD76D7DD0201D253C8AA","0.3125","8/28/2025 7:48:21 AM","0.02","2200087.85"
"svchost","4588","C:\Windows\System32\svchost.exe","949BFB5B4C7D58D92F3F9C5F8EC7CA4CEAFFD10EC5F0020F0A987C472D61C54B","0.296875","8/28/2025 7:30:56 AM","8.41","2101369.62"
"svchost","5996","C:\Windows\system32\svchost.exe","949BFB5B4C7D58D92F3F9C5F8EC7CA4CEAFFD10EC5F0020F0A987C472D61C54B","0.296875","8/28/2025 7:30:58 AM","7.75","2101359.86"
"java","20584","C:\Users\wille\AppData\Local\Programs\Eclipse Adoptium\jdk-17.0.13.11-hotspot\bin\java.exe","62B9E16B85B40F7976512361CA3D0EE121CDD2F0BFA70009A60EAC2E89DC0482","0.296875","8/28/2025 4:35:25 PM","46.94","5898.19"
"wslservice","6120","C:\Program Files\WSL\wslservice.exe","3BDDFFB058EF62BCE6B480526A8F741BBBBCE8BE01F2643007B0C48546CCC020","0.28125","8/28/2025 7:30:58 AM","6.22","2101401.36"
"NahimicAPO4Volume","9788","C:\Windows\System32\NahimicAPO4Volume.exe","C8C839CB07A6A5E80CA4333902A0A4586E58580E0494AECC3CA42CBC64794F0B","0.265625","8/28/2025 7:31:05 AM","1.66","4184.95"
"SystemSettings","19324","C:\Windows\ImmersiveControlPanel\SystemSettings.exe","E154FCE7563613476CDE15E6EC6DEAEF4271F6B6087C2752F842DC327D7D1B99","0.25","8/28/2025 7:33:42 AM","1.68","2111425.14"
"TiWorker","26500","C:\Windows\winsxs\amd64_microsoft-windows-servicingstack_31bf3856ad364e35_10.0.22621.5690_none_e93887f042e96014\TiWorker.exe","96974EC998808FB0247606BF18EAE8F37C294AA4840586063DFC0C9EE4B49930","0.25","8/28/2025 5:09:55 PM","14.29","2101351.15"
"Windsurf","16856","C:\Users\wille\AppData\Local\Programs\Windsurf\Windsurf.exe","7EC4C256523BBDF5BD87423DB246D61E2314C35561B06854D76361371C74E2AC","0.25","8/28/2025 3:36:29 PM","47","3286619.85"
"HPPrintScanDoctorService","4860","C:\Program Files\HPPrintScanDoctor\HPPrintScanDoctorService.exe","6F48EF97A2986B4D8F71C4DD9354215A5CFA9B861C1DD14E0D5FF88777859157","0.25","8/28/2025 7:30:57 AM","2.41","2101351.29"
"svchost","5276","C:\Windows\System32\svchost.exe","949BFB5B4C7D58D92F3F9C5F8EC7CA4CEAFFD10EC5F0020F0A987C472D61C54B","0.25","8/28/2025 7:30:57 AM","5.3","2102360.16"
"fontdrvhost","1836","C:\Windows\system32\fontdrvhost.exe","5986FEB162F98DF75BDFBE422E650469939162AA0E3B2443611199D8A1BA61E2","0.234375","8/28/2025 7:30:52 AM","2.27","2101471.88"
"Nahimic3","13036","C:\Program Files\WindowsApps\A-Volute.Nahimic_1.10.7.0_x64__w2gh52qy24etm\Nahimic3.exe","337A2FDB4C629BAF937961D6ED377BA123BA0BD1204D3E385238ABBAB6D266C3","0.234375","8/28/2025 7:32:29 AM","0.9","5090.18"
"svchost","10992","C:\Windows\System32\svchost.exe","949BFB5B4C7D58D92F3F9C5F8EC7CA4CEAFFD10EC5F0020F0A987C472D61C54B","0.21875","8/28/2025 7:31:07 AM","6.28","2101344.67"
"svchost","19000","C:\Windows\System32\svchost.exe","949BFB5B4C7D58D92F3F9C5F8EC7CA4CEAFFD10EC5F0020F0A987C472D61C54B","0.21875","8/28/2025 7:33:44 AM","5.13","2101351.4"
"smss","804",,,"0.21875","8/28/2025 7:30:35 AM","1.07","2101288.86"
"WMIRegistrationService","5988","C:\Windows\System32\DriverStore\FileRepository\mewmiprov.inf_amd64_d51901c26227fb29\WMIRegistrationService.exe","3009FD5E73F701581D4C48C544378BA5E58115751224D0763CBB302D3E604763","0.21875","8/28/2025 7:30:58 AM","0.82","90.7"
"svchost","1592","C:\Windows\system32\svchost.exe","949BFB5B4C7D58D92F3F9C5F8EC7CA4CEAFFD10EC5F0020F0A987C472D61C54B","0.21875","8/28/2025 7:31:36 AM","7.18","2101381.05"
"svchost","1984","C:\Windows\System32\svchost.exe","949BFB5B4C7D58D92F3F9C5F8EC7CA4CEAFFD10EC5F0020F0A987C472D61C54B","0.203125","8/28/2025 7:30:52 AM","4.08","2101333.29"
"RzChromaConnectServer","6272","C:\Program Files (x86)\Razer Chroma SDK\bin\RzChromaConnectServer","921BB77320FB998B0B6408D8B908BA2E6E5438DC23A6CFED37A780E658332213","0.203125","8/28/2025 7:30:58 AM","2.6","63.92"
"svchost","8060","C:\Windows\system32\svchost.exe","949BFB5B4C7D58D92F3F9C5F8EC7CA4CEAFFD10EC5F0020F0A987C472D61C54B","0.1875","8/28/2025 7:31:12 AM","6.04","2101391.35"
"svchost","7364","C:\Windows\system32\svchost.exe","949BFB5B4C7D58D92F3F9C5F8EC7CA4CEAFFD10EC5F0020F0A987C472D61C54B","0.1875","8/28/2025 7:30:59 AM","3.18","2101331.29"
"LsaIso","1256",,,"0.1875","8/28/2025 7:30:51 AM","1.13","4146.44"
"RzDeviceManager","6288","C:\Program Files (x86)\Razer Chroma SDK\bin\RzDeviceManager","921BB77320FB998B0B6408D8B908BA2E6E5438DC23A6CFED37A780E658332213","0.1875","8/28/2025 7:30:58 AM","2.16","54.41"
"msedge","24120","C:\Program Files (x86)\Microsoft\Edge\Application\msedge.exe","6F598EEC054D85F6BA61F35BC6C2A162E6096A06279685525BF99699B5CAFA44","0.1875","8/28/2025 4:16:22 PM","44.71","3589956.08"
"svchost","10484","C:\Windows\System32\svchost.exe","949BFB5B4C7D58D92F3F9C5F8EC7CA4CEAFFD10EC5F0020F0A987C472D61C54B","0.1875","8/28/2025 7:31:06 AM","2.14","2101325.65"
"msedge","18392","C:\Program Files (x86)\Microsoft\Edge\Application\msedge.exe","6F598EEC054D85F6BA61F35BC6C2A162E6096A06279685525BF99699B5CAFA44","0.171875","8/28/2025 7:33:19 AM","15.19","3588282.3"
"XboxPcAppFT","16684","C:\Program Files\WindowsApps\Microsoft.GamingApp_2508.1001.27.0_x64__8wekyb3d8bbwe\XboxPcAppFT.exe","D5D2D611ED564F2C40AB5E81C20384BC03B83CCA3666D6CCDC9B5DCEEB8DDC0C","0.171875","8/28/2025 7:38:08 AM","13.93","2101496.18"
"RzBTLEManager","6256","C:\Program Files (x86)\Razer Chroma SDK\bin\RzBTLEManager","921BB77320FB998B0B6408D8B908BA2E6E5438DC23A6CFED37A780E658332213","0.171875","8/28/2025 7:30:58 AM","2.51","41.8"
"RuntimeBroker","5908","C:\Windows\System32\RuntimeBroker.exe","5F40EEC9673436AE1EA4DD3770F773C26B3D035A6A4DECFC981571168193B904","0.15625","8/28/2025 7:36:28 AM","14.33","2101425.21"
"Windsurf","25116","C:\Users\wille\AppData\Local\Programs\Windsurf\Windsurf.exe","7EC4C256523BBDF5BD87423DB246D61E2314C35561B06854D76361371C74E2AC","0.15625","8/28/2025 3:36:12 PM","24.98","3289970.7"
"svchost","3256","C:\Windows\system32\svchost.exe","949BFB5B4C7D58D92F3F9C5F8EC7CA4CEAFFD10EC5F0020F0A987C472D61C54B","0.140625","8/28/2025 7:30:52 AM","1.75","2101328.75"
"svchost","5980","C:\Windows\system32\svchost.exe","949BFB5B4C7D58D92F3F9C5F8EC7CA4CEAFFD10EC5F0020F0A987C472D61C54B","0.140625","8/28/2025 7:30:58 AM","2.27","2101332.11"
"svchost","4376","C:\Windows\system32\svchost.exe","949BFB5B4C7D58D92F3F9C5F8EC7CA4CEAFFD10EC5F0020F0A987C472D61C54B","0.140625","8/28/2025 7:30:56 AM","3.84","2101337.99"
"RuntimeBroker","16560","C:\Windows\System32\RuntimeBroker.exe","5F40EEC9673436AE1EA4DD3770F773C26B3D035A6A4DECFC981571168193B904","0.140625","8/28/2025 7:32:30 AM","3.2","2101378.34"
"SecurityHealthSystray","2876","C:\Windows\System32\SecurityHealthSystray.exe","0A8804CB309EBC3CDD2E3787FBF3C129A20E387873FF13EEA18AD95E5153E5F4","0.140625","8/28/2025 7:32:03 AM","3.59","2101362.44"
"MSI_Central_Service","5492","C:\Program Files (x86)\MSI\MSI Center\MSI_Central_Service.exe","528D12E575057E903F7FF4F5E1C4EE313C46DFEC9D3B47F9C255E535D489458F","0.140625","8/28/2025 7:30:57 AM","2.73","64.98"
"RzSDKService","5744","C:\Program Files (x86)\Razer Chroma SDK\bin\RzSDKService.exe","50DF0F0EEC6357DE4A3780D1A8B9E33609E8E402BB5EAB12D2D147D70A84D0E5","0.140625","8/28/2025 7:30:58 AM","1.91","52.7"
"svchost","3452","C:\Windows\system32\svchost.exe","949BFB5B4C7D58D92F3F9C5F8EC7CA4CEAFFD10EC5F0020F0A987C472D61C54B","0.125","8/28/2025 7:30:52 AM","1.66","2101326.31"
"svchost","9544","C:\Windows\system32\svchost.exe","949BFB5B4C7D58D92F3F9C5F8EC7CA4CEAFFD10EC5F0020F0A987C472D61C54B","0.109375","8/28/2025 7:33:16 AM","6.82","2101356.77"
"svchost","10768","C:\Windows\system32\svchost.exe","949BFB5B4C7D58D92F3F9C5F8EC7CA4CEAFFD10EC5F0020F0A987C472D61C54B","0.109375","8/28/2025 7:31:06 AM","1.74","2101327.55"
"svchost","9172","C:\Windows\System32\svchost.exe","949BFB5B4C7D58D92F3F9C5F8EC7CA4CEAFFD10EC5F0020F0A987C472D61C54B","0.109375","8/28/2025 7:31:02 AM","13.7","2101352.65"
"svchost","3248","C:\Windows\System32\svchost.exe","949BFB5B4C7D58D92F3F9C5F8EC7CA4CEAFFD10EC5F0020F0A987C472D61C54B","0.109375","8/28/2025 7:30:52 AM","1.54","2101320.5"
"RuntimeBroker","16772","C:\Windows\System32\RuntimeBroker.exe","5F40EEC9673436AE1EA4DD3770F773C26B3D035A6A4DECFC981571168193B904","0.109375","8/28/2025 7:36:22 AM","2.11","2101393.62"
"svchost","2912","C:\Windows\system32\svchost.exe","949BFB5B4C7D58D92F3F9C5F8EC7CA4CEAFFD10EC5F0020F0A987C472D61C54B","0.109375","8/28/2025 7:30:52 AM","3.93","2101347.59"
"ApplicationFrameHost","5388","C:\Windows\system32\ApplicationFrameHost.exe","106360BF2BF98D45CCDA2735EFFEFE12A66BDB07EF766550EFB87660083883EE","0.109375","8/28/2025 7:32:29 AM","3.71","2101544.12"
"powershell","21032","C:\Windows\System32\WindowsPowerShell\v1.0\powershell.exe","3247BCFD60F6DD25F34CB74B5889AB10EF1B3EC72B4D4B3D95B5B25B534560B8","0.109375","8/28/2025 3:36:30 PM","17.53","2101923.35"
"svchost","9316","C:\Windows\system32\svchost.exe","949BFB5B4C7D58D92F3F9C5F8EC7CA4CEAFFD10EC5F0020F0A987C472D61C54B","0.09375","8/28/2025 7:31:03 AM","1.49","2101303.21"
"WindowsPackageManagerServer","7128","C:\Program Files\WindowsApps\Microsoft.DesktopAppInstaller_1.26.430.0_x64__8wekyb3d8bbwe\WindowsPackageManagerServer.exe","A087F60648C19CB5F7B0B279AE0211208E37158345284E9F99CC798C0F4EBE70","0.09375","8/28/2025 10:18:49 AM","4.27","2101455.05"
"svchost","14092",,,"0.09375","8/28/2025 7:33:16 AM","11.43","2101357.46"
"msedgewebview2","15004","C:\Program Files (x86)\Microsoft\EdgeWebView\Application\139.0.3405.119\msedgewebview2.exe","5D3CF34E79B6C4271DEE19AD5F41CBCFD2DF40482BC1AD76D7DD0201D253C8AA","0.09375","8/28/2025 7:32:25 AM","0.97","2167016.61"
"RuntimeBroker","17936","C:\Windows\System32\RuntimeBroker.exe","5F40EEC9673436AE1EA4DD3770F773C26B3D035A6A4DECFC981571168193B904","0.09375","8/28/2025 7:36:35 AM","2.01","2101370.25"
"MSIService","5404","C:\Windows\SysWOW64\MSIService.exe","AA1ABFEA5D2CD7FF3169F2525201C96B3B3712C9DA356C8D2614BE99A718AC51","0.09375","8/28/2025 7:30:57 AM","0.81","47.5"
"RzAppManager","6240","C:\Program Files (x86)\Razer Chroma SDK\bin\RzAppManager","921BB77320FB998B0B6408D8B908BA2E6E5438DC23A6CFED37A780E658332213","0.09375","8/28/2025 7:30:58 AM","1.8","63.77"
"SearchFilterHost","7208","C:\Windows\System32\SearchFilterHost.exe","2FABCB415192572AFB0B2C481EAFF7E755B3DC52EBD9B57E1A0C745D2D6E8BE4","0.09375","8/28/2025 4:56:24 PM","10.48","2101332.53"
"svchost","4984","C:\Windows\System32\svchost.exe","949BFB5B4C7D58D92F3F9C5F8EC7CA4CEAFFD10EC5F0020F0A987C472D61C54B","0.09375","8/28/2025 7:30:57 AM","2.56","2101332.38"
"svchost","1916","C:\Windows\system32\svchost.exe","949BFB5B4C7D58D92F3F9C5F8EC7CA4CEAFFD10EC5F0020F0A987C472D61C54B","0.09375","8/28/2025 7:30:52 AM","1.25","2101314.74"
"msedge","21152","C:\Program Files (x86)\Microsoft\Edge\Application\msedge.exe","6F598EEC054D85F6BA61F35BC6C2A162E6096A06279685525BF99699B5CAFA44","0.078125","8/28/2025 2:40:19 PM","18.17","3588242.96"
"RTUWPSrvcMain","6808","C:\Windows\RTUWPSrvcMain.exe","FE392D97E267258863A48F984A7B83C555BA7C4912E57670C785DDDEEACBD571","0.078125","8/28/2025 7:30:58 AM","1.98","2101327.18"
"Battle.net","11548","C:\Program Files (x86)\Battle.net\Battle.net.exe","65126AC3855E365FF44BBAB850F362E2B3F42F3146788DDF5DD3FBB2216CCF79","0.078125","8/28/2025 7:36:47 AM","4.68","312.77"
"svchost","1284","C:\Windows\system32\svchost.exe","949BFB5B4C7D58D92F3F9C5F8EC7CA4CEAFFD10EC5F0020F0A987C472D61C54B","0.078125","8/28/2025 7:30:52 AM","1.68","2101334.89"
"ShellExperienceHost","4400","C:\Windows\SystemApps\ShellExperienceHost_cw5n1h2txyewy\ShellExperienceHost.exe","8D56B66D8CD5F5D82FCC8290868E5D2622D58711F531CA6BF6248F33DA5AD2B7","0.078125","8/28/2025 7:36:28 AM","39.75","2101916.6"
"WUDFHost","2848","C:\Windows\System32\WUDFHost.exe","DBC9DF886A2318A9B40BD66EFE3839380B6B0BBF0EF2E913B6AB0AAEA40127F8","0.078125","8/28/2025 7:30:52 AM","4.11","2101330.7"
"svchost","1992","C:\Windows\system32\svchost.exe","949BFB5B4C7D58D92F3F9C5F8EC7CA4CEAFFD10EC5F0020F0A987C472D61C54B","0.078125","8/28/2025 7:30:52 AM","4.43","2101332.08"
"svchost","9408","C:\Windows\System32\svchost.exe","949BFB5B4C7D58D92F3F9C5F8EC7CA4CEAFFD10EC5F0020F0A987C472D61C54B","0.078125","8/28/2025 7:31:03 AM","1.34","2101318.02"
"Discord","17364","C:\Users\wille\AppData\Local\Discord\app-1.0.9204\Discord.exe","2FC61BE5E3C58DDA117AA3EA49E1A412004A09F48142E1F052788BE57A630DFA","0.078125","8/28/2025 7:33:06 AM","1.1","2109802.18"
"gamingservicesnet","8472","C:\Program Files\WindowsApps\Microsoft.GamingServices_30.104.13001.0_x64__8wekyb3d8bbwe\GamingServicesNet.exe","3EB36E69143131046C596763A309FF0A5A9FE43A6D440797EF574A2080DBBB81","0.0625","8/28/2025 7:31:01 AM","2.36","2101352.1"
"TrustedInstaller","19728","C:\Windows\servicing\TrustedInstaller.exe","EDA2F1B743D1E5FD73E2C01DE7E336B2AF5FE218AA039CEEC45753C24C73F105","0.0625","8/28/2025 5:09:55 PM","8.41","2101318"
"svchost","19076","C:\Windows\System32\svchost.exe","949BFB5B4C7D58D92F3F9C5F8EC7CA4CEAFFD10EC5F0020F0A987C472D61C54B","0.0625","8/28/2025 7:33:44 AM","2.6","2101363.77"
"RzChromaStreamServer","14256","C:\Program Files (x86)\Razer Chroma SDK\bin\RzChromaStreamServer.exe","3C1F1F268A86032C95D7A6BB882D9AC7732C685FF52CE55B4AA5E7DAA5597ACB","0.0625","8/28/2025 7:33:15 AM","0.98","44.93"
"Battle.net","2164","C:\Program Files (x86)\Battle.net\Battle.net.exe","65126AC3855E365FF44BBAB850F362E2B3F42F3146788DDF5DD3FBB2216CCF79","0.0625","8/28/2025 2:40:07 PM","13.17","380.99"
"ipf_uf","5264","C:\Windows\System32\DriverStore\FileRepository\ipf_cpu.inf_amd64_b4463a9eb4e1c069\ipf_uf.exe","92F5307243D4D8A6BC909917581D9533FEB3560AA05E4FBFA616DE0E2D53F726","0.0625","8/28/2025 7:30:57 AM","0.84","2101325.7"
"WindowsTerminal","20812","C:\Program Files\WindowsApps\Microsoft.WindowsTerminal_1.22.12111.0_x64__8wekyb3d8bbwe\WindowsTerminal.exe","542BA995A6AB653E18EE3F8271DA368B2EAA8B0FB70B1FF2F5D9A2E31747D316","0.0625","8/28/2025 4:28:55 PM","81.25","2101894.37"
"FileCoAuth","20660","C:\Users\wille\AppData\Local\Microsoft\OneDrive\25.140.0720.0001\FileCoAuth.exe","D4FD2CC3EC32A7DE60D0AC6F5B782DF9AB8AA76B7DAD629EDF2F5D05EC091852","0.046875","8/28/2025 7:36:35 AM","7.79","2101416.2"
"RzSDKServer","5648","C:\Program Files (x86)\Razer Chroma SDK\bin\RzSDKServer.exe","FA528CA8C3D06BBA0A68ACF957AEA208BA38BFDCFE59882A20175BC4847A4C77","0.046875","8/28/2025 7:30:57 AM","0.84","54.82"
"RzIoTDeviceManager","6304","C:\Program Files (x86)\Razer Chroma SDK\bin\RzIoTDeviceManager","921BB77320FB998B0B6408D8B908BA2E6E5438DC23A6CFED37A780E658332213","0.046875","8/28/2025 7:30:58 AM","0.12","24.41"
"RuntimeBroker","15864","C:\Windows\System32\RuntimeBroker.exe","5F40EEC9673436AE1EA4DD3770F773C26B3D035A6A4DECFC981571168193B904","0.046875","8/28/2025 7:35:22 AM","1.82","2101349"
"WUDFHost","1484","C:\Windows\System32\WUDFHost.exe","DBC9DF886A2318A9B40BD66EFE3839380B6B0BBF0EF2E913B6AB0AAEA40127F8","0.046875","8/28/2025 7:30:51 AM","0.21","2101367.68"
"wlanext","4824","C:\Windows\system32\WLANExt.exe","7B22218E02E292CE656232F5D9C315865A194E7D0E5C908E12B48F7F8C6F29B3","0.046875","8/28/2025 7:30:57 AM","1.73","2101317.22"
"svchost","2988","C:\Windows\system32\svchost.exe","949BFB5B4C7D58D92F3F9C5F8EC7CA4CEAFFD10EC5F0020F0A987C472D61C54B","0.046875","8/28/2025 7:30:52 AM","2.41","2101325.73"
"msedge","19100","C:\Program Files (x86)\Microsoft\Edge\Application\msedge.exe","6F598EEC054D85F6BA61F35BC6C2A162E6096A06279685525BF99699B5CAFA44","0.03125","8/28/2025 4:27:46 PM","26","3588234.96"
"RzChromaConnectManager","6264","C:\Program Files (x86)\Razer Chroma SDK\bin\RzChromaConnectManager","921BB77320FB998B0B6408D8B908BA2E6E5438DC23A6CFED37A780E658332213","0.03125","8/28/2025 7:30:58 AM","0.5","58.1"
"Windsurf","26032","C:\Users\wille\AppData\Local\Programs\Windsurf\Windsurf.exe","7EC4C256523BBDF5BD87423DB246D61E2314C35561B06854D76361371C74E2AC","0.03125","8/28/2025 3:36:32 PM","28.09","3284848.6"
"svchost","936","C:\Windows\system32\svchost.exe","949BFB5B4C7D58D92F3F9C5F8EC7CA4CEAFFD10EC5F0020F0A987C472D61C54B","0.03125","8/28/2025 7:38:07 AM","3.72","2101359.41"
"RuntimeBroker","7436","C:\Windows\System32\RuntimeBroker.exe","5F40EEC9673436AE1EA4DD3770F773C26B3D035A6A4DECFC981571168193B904","0.03125","8/28/2025 7:52:57 AM","4.11","2101394.09"
"AdobeNotificationClient","9864","C:\Program Files\Common Files\Adobe\Adobe OS Extension\AdobeNotificationClient.exe","2EDC28F22A0A3A34A5F236388F0829038997D279CDEF3CBAEADBC3D40BE039E5","0.03125","8/28/2025 7:36:35 AM","0.61","2101751.13"
"svchost","4208","C:\Windows\System32\svchost.exe","949BFB5B4C7D58D92F3F9C5F8EC7CA4CEAFFD10EC5F0020F0A987C472D61C54B","0.03125","8/28/2025 7:30:56 AM","2.55","2101320.94"
"RzSmartlightingDeviceManager","6316","C:\Program Files (x86)\Razer Chroma SDK\bin\RzSmartlightingDeviceManager","921BB77320FB998B0B6408D8B908BA2E6E5438DC23A6CFED37A780E658332213","0.015625","8/28/2025 7:30:58 AM","0.12","24.41"
"dasHost","15440","C:\Windows\system32\dashost.exe","B484F5BF3F327532BAC4543F70689F58E27A86CE38083893C3ADC94FE3C51850","0.015625","8/28/2025 7:32:17 AM","0.17","2101314.91"
"GameBarPresenceWriter","22160","C:\Windows\System32\GameBarPresenceWriter.exe","7F808CDF659E3FF516D138DD3AA4896E35C34EC86F8894FE63F8906AF2F9FC8D","0.015625","8/28/2025 2:40:18 PM","6.02","2101381.5"
"RuntimeBroker","20168","C:\Windows\System32\RuntimeBroker.exe","5F40EEC9673436AE1EA4DD3770F773C26B3D035A6A4DECFC981571168193B904","0.015625","8/28/2025 7:35:24 AM","1.84","2101349"
"svchost","1876","C:\Windows\system32\svchost.exe","949BFB5B4C7D58D92F3F9C5F8EC7CA4CEAFFD10EC5F0020F0A987C472D61C54B","0.015625","8/28/2025 7:30:52 AM","2.09","2101350.78"
"RzWDLDeviceManager","6324","C:\Program Files (x86)\Razer Chroma SDK\bin\RzWDLDeviceManager","921BB77320FB998B0B6408D8B908BA2E6E5438DC23A6CFED37A780E658332213","0.015625","8/28/2025 7:30:58 AM","0.12","24.3"
"OpenConsole","1112","C:\Program Files\WindowsApps\Microsoft.WindowsTerminal_1.22.12111.0_x64__8wekyb3d8bbwe\OpenConsole.exe","1DA9A71FA4ECD7698ED67212C55898DC21A97948AC335D957E6BF7877AF26E1A","0.015625","8/28/2025 4:28:55 PM","8.81","2101382.78"
"conhost","20404","C:\Windows\system32\conhost.exe","2266B396EF92534A2A2844438DF043D4069A2EC47D4E464F55E8C1CD47124A98","0","8/28/2025 4:35:25 PM","6.29","2101349.3"
"wininit","1160",,,"0","8/28/2025 7:30:51 AM","5.31","2101321.43"
"conhost","22040","C:\Windows\system32\conhost.exe","2266B396EF92534A2A2844438DF043D4069A2EC47D4E464F55E8C1CD47124A98","0","8/28/2025 2:45:10 PM","5.61","2101349.29"
"conhost","26308","C:\Windows\system32\conhost.exe","2266B396EF92534A2A2844438DF043D4069A2EC47D4E464F55E8C1CD47124A98","0","8/28/2025 3:36:30 PM","6.88","2101363.3"
"CurseForge","20684","C:\Users\wille\AppData\Local\Programs\CurseForge Windows\CurseForge.exe","4A5B24608C89E6B509F4F6716AA69118FAA4F82206F2A8BFAFCD6A0107B7BF37","0","8/28/2025 2:45:19 PM","16.4","2134370.35"
"conhost","24520","C:\Windows\system32\conhost.exe","2266B396EF92534A2A2844438DF043D4069A2EC47D4E464F55E8C1CD47124A98","0","8/28/2025 3:36:30 PM","5.71","2101349.3"
"conhost","25912","C:\Windows\system32\conhost.exe","2266B396EF92534A2A2844438DF043D4069A2EC47D4E464F55E8C1CD47124A98","0","8/28/2025 3:36:40 PM","6.95","2101363.3"
"conhost","20008","C:\Windows\system32\conhost.exe","2266B396EF92534A2A2844438DF043D4069A2EC47D4E464F55E8C1CD47124A98","0","8/28/2025 12:36:51 PM","0.57","2101388.22"
"backgroundTaskHost","676","C:\Windows\system32\backgroundTaskHost.exe","4C8915E07BE1904A3BC02E4F8DB0A80BB932CE610D97EABB9151B4E51F449980","0","8/28/2025 7:52:56 AM","0.52","2101993.59"
"SearchFilterHost","10888","C:\Windows\System32\SearchFilterHost.exe","2FABCB415192572AFB0B2C481EAFF7E755B3DC52EBD9B57E1A0C745D2D6E8BE4","0","8/28/2025 5:04:44 PM","9.12","2101324.94"
"jhi_service","5356","C:\Windows\System32\DriverStore\FileRepository\dal.inf_amd64_af50fdb80983f7bc\jhi_service.exe","4E30D1ED6BBD6C385A665D347342B72F84877589FE63D32268A68BDA61CE55D4","0","8/28/2025 7:30:57 AM","0.75","2101324.56"
"svchost","3288","C:\Windows\system32\svchost.exe","949BFB5B4C7D58D92F3F9C5F8EC7CA4CEAFFD10EC5F0020F0A987C472D61C54B","0","8/28/2025 7:30:52 AM","1.52","2101316.2"
"Secure System","172",,,"0","8/28/2025 7:30:30 AM","48.11","2.3"
"WmiPrvSE","22144","C:\Windows\system32\wbem\wmiprvse.exe","196CABED59111B6C4BBF78C84A56846D96CBBC4F06935A4FD4E6432EF0AE4083","0","8/28/2025 5:10:10 PM","10.09","2101323.69"
"WmiPrvSE","17148","C:\Windows\system32\wbem\wmiprvse.exe","196CABED59111B6C4BBF78C84A56846D96CBBC4F06935A4FD4E6432EF0AE4083","0","8/28/2025 5:09:57 PM","13.39","2101331.59"
"svchost","9896","C:\Windows\system32\svchost.exe","949BFB5B4C7D58D92F3F9C5F8EC7CA4CEAFFD10EC5F0020F0A987C472D61C54B","0","8/28/2025 7:31:04 AM","2.07","2101342.84"
"conhost","4856","C:\Windows\system32\conhost.exe","2266B396EF92534A2A2844438DF043D4069A2EC47D4E464F55E8C1CD47124A98","0","8/28/2025 7:30:57 AM","0.29","2101330.15"
"msedge","17296","C:\Program Files (x86)\Microsoft\Edge\Application\msedge.exe","6F598EEC054D85F6BA61F35BC6C2A162E6096A06279685525BF99699B5CAFA44","0","8/28/2025 7:36:22 AM","4.21","2200121.96"
"IntelCpHDCPSvc","1332","C:\Windows\System32\DriverStore\FileRepository\iigd_dch.inf_amd64_5b1252b3763da959\IntelCpHDCPSvc.exe","56C74E322E5CF1BE4FA1B68644C2DD7D4831CCDF821CC6CD8174267E09501E88","0","8/28/2025 7:30:52 AM","0.77","2101319.68"
"UserOOBEBroker","10972","C:\Windows\System32\oobe\UserOOBEBroker.exe","FA363F6E29BC759B0574A193805C52F2F034BC32FE9E753F202080689EB141B1","0","8/28/2025 7:33:43 AM","3.2","2101341.81"
"svchost","18884","C:\Windows\system32\svchost.exe","949BFB5B4C7D58D92F3F9C5F8EC7CA4CEAFFD10EC5F0020F0A987C472D61C54B","0","8/28/2025 7:33:43 AM","2.21","2101337.41"
"msedge","3068","C:\Program Files (x86)\Microsoft\Edge\Application\msedge.exe","6F598EEC054D85F6BA61F35BC6C2A162E6096A06279685525BF99699B5CAFA44","0","8/28/2025 7:33:18 AM","2.78","2167018.27"
"svchost","20568","C:\Windows\system32\svchost.exe","949BFB5B4C7D58D92F3F9C5F8EC7CA4CEAFFD10EC5F0020F0A987C472D61C54B","0","8/28/2025 7:36:35 AM","1.23","2101312.84"
"svchost","26300","C:\Windows\System32\svchost.exe","949BFB5B4C7D58D92F3F9C5F8EC7CA4CEAFFD10EC5F0020F0A987C472D61C54B","0","8/28/2025 5:11:06 PM","7.09","2101323.39"
"ipfsvc","5108","C:\Windows\System32\DriverStore\FileRepository\dtt_sw.inf_amd64_a56d66a9d40a4cb2\ipfsvc.exe","271C9372C80B8101373D9494EF0A51415CD6B770A228DA5041D4DD1327CB85B6","0","8/28/2025 7:30:57 AM","0.79","2101322.08"
"JetBrains.Etw.Collector.Host","5316","C:\Program Files\JetBrains\ETW Host\16\JetBrains.Etw.Collector.Host.exe","D087E2B317869A547DA678280F7732CFFA97BA235667FDD14314815176652E8C","0","8/28/2025 7:30:57 AM","0.71","4150.72"
"svchost","14544","C:\Windows\system32\svchost.exe","949BFB5B4C7D58D92F3F9C5F8EC7CA4CEAFFD10EC5F0020F0A987C472D61C54B","0","8/28/2025 7:33:43 AM","2.87","2101345.16"
"dllhost","7928","C:\Windows\system32\DllHost.exe","FDFAD08EADD54A431E431FEBE60E87B574CE90E5502ED0BE2F026A1828120FC6","0","8/28/2025 7:33:18 AM","1.58","2101356.3"
"Windsurf","15336","C:\Users\wille\AppData\Local\Programs\Windsurf\Windsurf.exe","7EC4C256523BBDF5BD87423DB246D61E2314C35561B06854D76361371C74E2AC","0","8/28/2025 3:36:11 PM","27.32","2134373.24"
"Windsurf","22756","C:\Users\wille\AppData\Local\Programs\Windsurf\Windsurf.exe","7EC4C256523BBDF5BD87423DB246D61E2314C35561B06854D76361371C74E2AC","0","8/28/2025 3:36:21 PM","29.04","2134370.74"
"svchost","23808","C:\Windows\System32\svchost.exe","949BFB5B4C7D58D92F3F9C5F8EC7CA4CEAFFD10EC5F0020F0A987C472D61C54B","0","8/28/2025 4:45:13 PM","11.18","2101609.44"
"NVChecker","15260","C:\Program Files (x86)\MSI\MSI Center\Monitor\NVChecker.exe","17C54F689879169062AF44354459FC2C9FF0051276E80AF1803BC68950A5223C","0","8/28/2025 7:32:22 AM","3.27","4744.27"
"svchost","3460","C:\Windows\system32\svchost.exe","949BFB5B4C7D58D92F3F9C5F8EC7CA4CEAFFD10EC5F0020F0A987C472D61C54B","0","8/28/2025 5:05:36 PM","7.65","2101325.2"
"fontdrvhost","1448","C:\Windows\system32\fontdrvhost.exe","5986FEB162F98DF75BDFBE422E650469939162AA0E3B2443611199D8A1BA61E2","0","8/28/2025 7:30:51 AM","0.22","2101319.58"
"svchost","2492","C:\Windows\system32\svchost.exe","949BFB5B4C7D58D92F3F9C5F8EC7CA4CEAFFD10EC5F0020F0A987C472D61C54B","0","8/28/2025 7:33:43 AM","1.58","2101322.89"
"svchost","12472","C:\Windows\system32\svchost.exe","949BFB5B4C7D58D92F3F9C5F8EC7CA4CEAFFD10EC5F0020F0A987C472D61C54B","0","8/28/2025 4:45:13 PM","8.07","2101321.64"
"Idle","0",,,,,"0.01","0.01"
